{
	"name": "ParticleFilterWithSensor",
	"parameters": {
		"initialLocations": "trainingSamples",
		"nParticles": 1000,
		"averagingType":"simpleAverage",
		"resamplingMethod":"systematicResampling",
		"alphaWeaken":1.0,

		"ObservationModel": {
			"name": "GaussianProcessLDPLMeanMultiModel",
			"parameters": {
				"LDPLParameters": {
					"heightDifference": 0.1,
					"A": -72,
					"n": 2.4,
					"fa": 0.0,
					"fb": 0.0,
					"lambdas": [1000.0, 0.001, 1.0, 1.0]
				},
				"GPParameters": {
					"lengthes": [2.0, 2.0, 0.01],
					"sigmaP": 4.0,
					"sigmaN": 2.0,
					"constVar": 1,
					"useMask": 1
				},
				"BeaconFilter":{
					"name":"NormedStrongestBeaconFilter",
					"parameters":{
						"doNormalize":false,
						"kBeacons":100,
					},
				},
				"options": {
					"optimizeHyperParameters": 1
				}
			}
		},
		"SystemModel": {
			"name": "RandomWalkerOnFloorsFreeWithSensor",
			"parameters": {
				"sigma": 1.5,
				"sigmaStay":0.05,
				"sigmaWalk":1.5,
				"Pedometer": {
					"name": "PedometerDirect",
				}
			}
		}
	}
}